{
  "total_records": 284322,
  "days": 365,
  "min_lng": 139.90712609370482,
  "max_lng": 140.85050288368734,
  "min_lat": 39.160817581874554,
  "max_lat": 40.31365633329378,
  "min_energy": 0.0,
  "max_energy": 100.0,
  "avg_bears_per_day": 778.9643835616438
}