{
  "total_records": 428970,
  "days": 365,
  "min_lng": 139.89364873717682,
  "max_lng": 140.85079336693755,
  "min_lat": 39.16084041577715,
  "max_lat": 40.31373440607765,
  "min_energy": 0.0,
  "max_energy": 100.0,
  "avg_bears_per_day": 1175.2602739726028
}