{
  "total_records": 463745,
  "days": 365,
  "min_lng": 139.925353718123,
  "max_lng": 141.65640907066154,
  "min_lat": 40.27507766488421,
  "max_lat": 41.33806689239104,
  "min_energy": 0.0,
  "max_energy": 100.0,
  "avg_bears_per_day": 1270.5342465753424
}