{
  "total_records": 283798,
  "days": 365,
  "min_lng": 139.93409617100548,
  "max_lng": 141.65539890297646,
  "min_lat": 40.27472663542364,
  "max_lat": 41.33881994527669,
  "min_energy": 0.0,
  "max_energy": 100.0,
  "avg_bears_per_day": 777.5287671232877
}