{
  "total_records": 472053,
  "days": 365,
  "min_lng": 139.93326118796497,
  "max_lng": 141.6564511846966,
  "min_lat": 40.27504581257957,
  "max_lat": 41.338091369982756,
  "min_energy": 0.0,
  "max_energy": 100.0,
  "avg_bears_per_day": 1293.295890410959
}