{
  "total_records": 298086,
  "days": 365,
  "min_lng": 139.87953251955267,
  "max_lng": 141.6567039087688,
  "min_lat": 40.27491828443093,
  "max_lat": 41.338747588784166,
  "min_energy": 0.0,
  "max_energy": 100.0,
  "avg_bears_per_day": 816.6739726027397
}