{
  "total_records": 476578,
  "days": 365,
  "min_lng": 139.89548694268672,
  "max_lng": 141.65720956198285,
  "min_lat": 40.27485444899929,
  "max_lat": 41.338091369982756,
  "min_energy": 0.0,
  "max_energy": 100.0,
  "avg_bears_per_day": 1305.6931506849314
}