{
  "total_records": 294716,
  "days": 365,
  "min_lng": 140.34373776617483,
  "max_lng": 141.87313562868798,
  "min_lat": 37.95082946445419,
  "max_lat": 39.1001670499475,
  "min_energy": 0.0,
  "max_energy": 100.0,
  "avg_bears_per_day": 807.4410958904109
}