{
  "total_records": 1326679,
  "days": 365,
  "min_lng": 140.34337661881906,
  "max_lng": 141.90628548875597,
  "min_lat": 37.947019302647334,
  "max_lat": 39.10071420691325,
  "min_energy": 0.0,
  "max_energy": 100.0,
  "avg_bears_per_day": 3634.73698630137
}